"(Intercept)","Temperature_C_mean","pH_mean","Temperature_C_mean:pH_mean"
480.843532403793,47.6720812343715,142.551076951097,-8.96422537942683
